1,./aligned-images/steve jobs/134.png
1,./aligned-images/steve jobs/23.png
1,./aligned-images/steve jobs/326.png
1,./aligned-images/steve jobs/96.png
1,./aligned-images/steve jobs/79.png
1,./aligned-images/steve jobs/169.png
1,./aligned-images/steve jobs/256.png
1,./aligned-images/steve jobs/59.png
1,./aligned-images/steve jobs/301.png
1,./aligned-images/steve jobs/274.png
1,./aligned-images/steve jobs/112.png
1,./aligned-images/steve jobs/273.png
1,./aligned-images/steve jobs/9.png
1,./aligned-images/steve jobs/150.png
1,./aligned-images/steve jobs/207.png
1,./aligned-images/steve jobs/90.png
1,./aligned-images/steve jobs/132.png
1,./aligned-images/steve jobs/317.png
1,./aligned-images/steve jobs/408.png
1,./aligned-images/steve jobs/16.png
1,./aligned-images/steve jobs/251.png
1,./aligned-images/steve jobs/290.png
1,./aligned-images/steve jobs/493.png
1,./aligned-images/steve jobs/179.png
1,./aligned-images/steve jobs/231.png
1,./aligned-images/steve jobs/252.png
1,./aligned-images/steve jobs/103.png
1,./aligned-images/steve jobs/253.png
1,./aligned-images/steve jobs/55.png
1,./aligned-images/steve jobs/498.png
1,./aligned-images/steve jobs/345.png
1,./aligned-images/steve jobs/492.png
1,./aligned-images/steve jobs/122.png
1,./aligned-images/steve jobs/461.png
1,./aligned-images/steve jobs/460.png
1,./aligned-images/steve jobs/40.png
1,./aligned-images/steve jobs/525.png
1,./aligned-images/steve jobs/210.png
1,./aligned-images/steve jobs/70.png
1,./aligned-images/steve jobs/193.png
1,./aligned-images/steve jobs/359.png
1,./aligned-images/steve jobs/248.png
1,./aligned-images/steve jobs/68.png
1,./aligned-images/steve jobs/212.png
1,./aligned-images/steve jobs/320.png
1,./aligned-images/steve jobs/165.png
1,./aligned-images/steve jobs/527.png
1,./aligned-images/steve jobs/19.png
1,./aligned-images/steve jobs/529.png
1,./aligned-images/steve jobs/93.png
1,./aligned-images/steve jobs/209.png
1,./aligned-images/steve jobs/32.png
1,./aligned-images/steve jobs/83.png
1,./aligned-images/steve jobs/80.png
1,./aligned-images/steve jobs/233.png
1,./aligned-images/steve jobs/92.png
1,./aligned-images/steve jobs/77.png
1,./aligned-images/steve jobs/111.png
1,./aligned-images/steve jobs/358.png
1,./aligned-images/steve jobs/29.png
1,./aligned-images/steve jobs/139.png
1,./aligned-images/steve jobs/89.png
1,./aligned-images/steve jobs/220.png
1,./aligned-images/steve jobs/374.png
1,./aligned-images/steve jobs/351.png
1,./aligned-images/steve jobs/439.png
1,./aligned-images/steve jobs/339.png
1,./aligned-images/steve jobs/28.png
1,./aligned-images/steve jobs/10.png
1,./aligned-images/steve jobs/0.png
1,./aligned-images/steve jobs/409.png
1,./aligned-images/steve jobs/157.png
1,./aligned-images/steve jobs/269.png
1,./aligned-images/steve jobs/119.png
1,./aligned-images/steve jobs/95.png
1,./aligned-images/steve jobs/182.png
1,./aligned-images/steve jobs/327.png
1,./aligned-images/steve jobs/482.png
1,./aligned-images/steve jobs/175.png
1,./aligned-images/steve jobs/154.png
1,./aligned-images/steve jobs/507.png
1,./aligned-images/steve jobs/377.png
1,./aligned-images/steve jobs/171.png
1,./aligned-images/steve jobs/225.png
1,./aligned-images/steve jobs/338.png
1,./aligned-images/steve jobs/143.png
1,./aligned-images/steve jobs/314.png
1,./aligned-images/steve jobs/286.png
1,./aligned-images/steve jobs/277.png
1,./aligned-images/steve jobs/36.png
1,./aligned-images/steve jobs/204.png
1,./aligned-images/steve jobs/268.png
1,./aligned-images/steve jobs/58.png
1,./aligned-images/steve jobs/296.png
1,./aligned-images/steve jobs/340.png
1,./aligned-images/steve jobs/506.png
1,./aligned-images/steve jobs/517.png
1,./aligned-images/steve jobs/184.png
1,./aligned-images/steve jobs/388.png
1,./aligned-images/steve jobs/412.png
1,./aligned-images/steve jobs/263.png
1,./aligned-images/steve jobs/300.png
1,./aligned-images/steve jobs/413.png
1,./aligned-images/steve jobs/368.png
1,./aligned-images/steve jobs/249.png
1,./aligned-images/steve jobs/149.png
1,./aligned-images/steve jobs/284.png
1,./aligned-images/steve jobs/370.png
1,./aligned-images/steve jobs/81.png
1,./aligned-images/steve jobs/299.png
1,./aligned-images/steve jobs/146.png
1,./aligned-images/steve jobs/26.png
1,./aligned-images/steve jobs/142.png
2,./aligned-images/adam brody/104.png
2,./aligned-images/adam brody/97.png
2,./aligned-images/adam brody/95.png
2,./aligned-images/adam brody/17.png
2,./aligned-images/adam brody/98.png
2,./aligned-images/adam brody/69.png
2,./aligned-images/adam brody/110.png
2,./aligned-images/adam brody/88.png
2,./aligned-images/adam brody/129.png
2,./aligned-images/adam brody/121.png
2,./aligned-images/adam brody/131.png
2,./aligned-images/adam brody/37.png
2,./aligned-images/adam brody/27.png
2,./aligned-images/adam brody/133.png
2,./aligned-images/adam brody/144.png
2,./aligned-images/adam brody/42.png
2,./aligned-images/adam brody/127.png
2,./aligned-images/adam brody/92.png
2,./aligned-images/adam brody/61.png
2,./aligned-images/adam brody/59.png
2,./aligned-images/adam brody/3.png
2,./aligned-images/adam brody/106.png
2,./aligned-images/adam brody/31.png
2,./aligned-images/adam brody/143.png
2,./aligned-images/adam brody/140.png
2,./aligned-images/adam brody/1.png
2,./aligned-images/adam brody/116.png
2,./aligned-images/adam brody/6.png
2,./aligned-images/adam brody/72.png
2,./aligned-images/adam brody/146.png
2,./aligned-images/adam brody/85.png
2,./aligned-images/adam brody/15.png
2,./aligned-images/adam brody/105.png
2,./aligned-images/adam brody/117.png
2,./aligned-images/adam brody/9.png
2,./aligned-images/adam brody/14.png
2,./aligned-images/adam brody/67.png
2,./aligned-images/adam brody/22.png
2,./aligned-images/adam brody/130.png
2,./aligned-images/adam brody/63.png
2,./aligned-images/adam brody/119.png
2,./aligned-images/adam brody/149.png
2,./aligned-images/adam brody/53.png
2,./aligned-images/adam brody/7.png
2,./aligned-images/adam brody/125.png
2,./aligned-images/adam brody/81.png
2,./aligned-images/adam brody/135.png
2,./aligned-images/adam brody/137.png
2,./aligned-images/adam brody/28.png
2,./aligned-images/adam brody/13.png
2,./aligned-images/adam brody/70.png
2,./aligned-images/adam brody/55.png
2,./aligned-images/adam brody/57.png
2,./aligned-images/adam brody/21.png
2,./aligned-images/adam brody/18.png
2,./aligned-images/adam brody/147.png
2,./aligned-images/adam brody/103.png
2,./aligned-images/adam brody/16.png
2,./aligned-images/adam brody/34.png
2,./aligned-images/adam brody/12.png
2,./aligned-images/adam brody/111.png
3,./aligned-images/liv tyler/465.png
3,./aligned-images/liv tyler/74.png
3,./aligned-images/liv tyler/487.png
3,./aligned-images/liv tyler/390.png
3,./aligned-images/liv tyler/584.png
3,./aligned-images/liv tyler/37.png
3,./aligned-images/liv tyler/686.png
3,./aligned-images/liv tyler/396.png
3,./aligned-images/liv tyler/522.png
3,./aligned-images/liv tyler/649.png
3,./aligned-images/liv tyler/777.png
3,./aligned-images/liv tyler/798.png
3,./aligned-images/liv tyler/295.png
3,./aligned-images/liv tyler/238.png
3,./aligned-images/liv tyler/752.png
3,./aligned-images/liv tyler/17.png
3,./aligned-images/liv tyler/79.png
3,./aligned-images/liv tyler/725.png
3,./aligned-images/liv tyler/42.png
3,./aligned-images/liv tyler/521.png
3,./aligned-images/liv tyler/234.png
3,./aligned-images/liv tyler/68.png
3,./aligned-images/liv tyler/590.png
3,./aligned-images/liv tyler/661.png
3,./aligned-images/liv tyler/401.png
3,./aligned-images/liv tyler/404.png
3,./aligned-images/liv tyler/425.png
3,./aligned-images/liv tyler/544.png
3,./aligned-images/liv tyler/375.png
3,./aligned-images/liv tyler/666.png
3,./aligned-images/liv tyler/289.png
3,./aligned-images/liv tyler/102.png
3,./aligned-images/liv tyler/812.png
3,./aligned-images/liv tyler/155.png
3,./aligned-images/liv tyler/196.png
3,./aligned-images/liv tyler/770.png
3,./aligned-images/liv tyler/684.png
3,./aligned-images/liv tyler/302.png
3,./aligned-images/liv tyler/743.png
3,./aligned-images/liv tyler/39.png
3,./aligned-images/liv tyler/613.png
3,./aligned-images/liv tyler/31.png
3,./aligned-images/liv tyler/464.png
3,./aligned-images/liv tyler/292.png
3,./aligned-images/liv tyler/189.png
3,./aligned-images/liv tyler/693.png
3,./aligned-images/liv tyler/178.png
3,./aligned-images/liv tyler/355.png
3,./aligned-images/liv tyler/408.png
3,./aligned-images/liv tyler/242.png
3,./aligned-images/liv tyler/140.png
3,./aligned-images/liv tyler/104.png
3,./aligned-images/liv tyler/210.png
3,./aligned-images/liv tyler/213.png
3,./aligned-images/liv tyler/51.png
3,./aligned-images/liv tyler/40.png
3,./aligned-images/liv tyler/476.png
3,./aligned-images/liv tyler/737.png
3,./aligned-images/liv tyler/415.png
3,./aligned-images/liv tyler/349.png
3,./aligned-images/liv tyler/648.png
3,./aligned-images/liv tyler/414.png
3,./aligned-images/liv tyler/280.png
3,./aligned-images/liv tyler/482.png
3,./aligned-images/liv tyler/641.png
3,./aligned-images/liv tyler/665.png
3,./aligned-images/liv tyler/244.png
3,./aligned-images/liv tyler/121.png
3,./aligned-images/liv tyler/791.png
3,./aligned-images/liv tyler/449.png
3,./aligned-images/liv tyler/137.png
3,./aligned-images/liv tyler/552.png
3,./aligned-images/liv tyler/3.png
3,./aligned-images/liv tyler/91.png
3,./aligned-images/liv tyler/71.png
3,./aligned-images/liv tyler/734.png
3,./aligned-images/liv tyler/431.png
3,./aligned-images/liv tyler/674.png
3,./aligned-images/liv tyler/537.png
3,./aligned-images/liv tyler/374.png
3,./aligned-images/liv tyler/435.png
3,./aligned-images/liv tyler/353.png
3,./aligned-images/liv tyler/715.png
3,./aligned-images/liv tyler/488.png
3,./aligned-images/liv tyler/124.png
3,./aligned-images/liv tyler/796.png
3,./aligned-images/liv tyler/177.png
3,./aligned-images/liv tyler/391.png
3,./aligned-images/liv tyler/212.png
3,./aligned-images/liv tyler/99.png
3,./aligned-images/liv tyler/407.png
3,./aligned-images/liv tyler/586.png
3,./aligned-images/liv tyler/444.png
3,./aligned-images/liv tyler/370.png
3,./aligned-images/liv tyler/572.png
3,./aligned-images/liv tyler/519.png
3,./aligned-images/liv tyler/747.png
3,./aligned-images/liv tyler/21.png
3,./aligned-images/liv tyler/185.png
3,./aligned-images/liv tyler/765.png
3,./aligned-images/liv tyler/191.png
3,./aligned-images/liv tyler/165.png
3,./aligned-images/liv tyler/141.png
3,./aligned-images/liv tyler/614.png
3,./aligned-images/liv tyler/304.png
3,./aligned-images/liv tyler/207.png
3,./aligned-images/liv tyler/417.png
3,./aligned-images/liv tyler/782.png
3,./aligned-images/liv tyler/511.png
3,./aligned-images/liv tyler/181.png
3,./aligned-images/liv tyler/551.png
3,./aligned-images/liv tyler/126.png
3,./aligned-images/liv tyler/193.png
3,./aligned-images/liv tyler/27.png
3,./aligned-images/liv tyler/640.png
3,./aligned-images/liv tyler/502.png
3,./aligned-images/liv tyler/168.png
3,./aligned-images/liv tyler/634.png
3,./aligned-images/liv tyler/298.png
3,./aligned-images/liv tyler/462.png
3,./aligned-images/liv tyler/162.png
3,./aligned-images/liv tyler/86.png
3,./aligned-images/liv tyler/293.png
3,./aligned-images/liv tyler/573.png
3,./aligned-images/liv tyler/317.png
3,./aligned-images/liv tyler/359.png
3,./aligned-images/liv tyler/288.png
3,./aligned-images/liv tyler/127.png
3,./aligned-images/liv tyler/490.png
3,./aligned-images/liv tyler/637.png
3,./aligned-images/liv tyler/518.png
3,./aligned-images/liv tyler/264.png
3,./aligned-images/liv tyler/607.png
3,./aligned-images/liv tyler/327.png
3,./aligned-images/liv tyler/786.png
3,./aligned-images/liv tyler/720.png
3,./aligned-images/liv tyler/157.png
3,./aligned-images/liv tyler/512.png
3,./aligned-images/liv tyler/491.png
3,./aligned-images/liv tyler/44.png
3,./aligned-images/liv tyler/438.png
3,./aligned-images/liv tyler/466.png
3,./aligned-images/liv tyler/785.png
3,./aligned-images/liv tyler/576.png
3,./aligned-images/liv tyler/146.png
3,./aligned-images/liv tyler/603.png
3,./aligned-images/liv tyler/277.png
3,./aligned-images/liv tyler/173.png
3,./aligned-images/liv tyler/205.png
3,./aligned-images/liv tyler/694.png
3,./aligned-images/liv tyler/585.png
3,./aligned-images/liv tyler/647.png
3,./aligned-images/liv tyler/399.png
3,./aligned-images/liv tyler/774.png
3,./aligned-images/liv tyler/175.png
3,./aligned-images/liv tyler/11.png
3,./aligned-images/liv tyler/285.png
3,./aligned-images/liv tyler/122.png
3,./aligned-images/liv tyler/738.png
3,./aligned-images/liv tyler/598.png
3,./aligned-images/liv tyler/628.png
3,./aligned-images/liv tyler/776.png
3,./aligned-images/liv tyler/741.png
3,./aligned-images/liv tyler/22.png
3,./aligned-images/liv tyler/400.png
3,./aligned-images/liv tyler/377.png
3,./aligned-images/liv tyler/161.png
3,./aligned-images/liv tyler/268.png
3,./aligned-images/liv tyler/531.png
3,./aligned-images/liv tyler/2.png
3,./aligned-images/liv tyler/664.png
3,./aligned-images/liv tyler/789.png
3,./aligned-images/liv tyler/587.png
3,./aligned-images/liv tyler/119.png
3,./aligned-images/liv tyler/744.png
3,./aligned-images/liv tyler/579.png
3,./aligned-images/liv tyler/727.png
3,./aligned-images/liv tyler/130.png
3,./aligned-images/liv tyler/469.png
3,./aligned-images/liv tyler/135.png
3,./aligned-images/liv tyler/577.png
3,./aligned-images/liv tyler/24.png
3,./aligned-images/liv tyler/376.png
3,./aligned-images/liv tyler/709.png
3,./aligned-images/liv tyler/337.png
3,./aligned-images/liv tyler/793.png
3,./aligned-images/liv tyler/450.png
3,./aligned-images/liv tyler/388.png
3,./aligned-images/liv tyler/95.png
3,./aligned-images/liv tyler/685.png
3,./aligned-images/liv tyler/623.png
3,./aligned-images/liv tyler/312.png
3,./aligned-images/liv tyler/621.png
3,./aligned-images/liv tyler/235.png
3,./aligned-images/liv tyler/192.png
3,./aligned-images/liv tyler/402.png
3,./aligned-images/liv tyler/459.png
3,./aligned-images/liv tyler/489.png
3,./aligned-images/liv tyler/503.png
3,./aligned-images/liv tyler/171.png
3,./aligned-images/liv tyler/94.png
3,./aligned-images/liv tyler/439.png
3,./aligned-images/liv tyler/622.png
3,./aligned-images/liv tyler/766.png
3,./aligned-images/liv tyler/46.png
3,./aligned-images/liv tyler/554.png
3,./aligned-images/liv tyler/174.png
3,./aligned-images/liv tyler/716.png
3,./aligned-images/liv tyler/9.png
3,./aligned-images/liv tyler/690.png
3,./aligned-images/liv tyler/208.png
3,./aligned-images/liv tyler/780.png
3,./aligned-images/liv tyler/651.png
3,./aligned-images/liv tyler/811.png
3,./aligned-images/liv tyler/316.png
3,./aligned-images/liv tyler/63.png
3,./aligned-images/liv tyler/258.png
3,./aligned-images/liv tyler/711.png
3,./aligned-images/liv tyler/240.png
3,./aligned-images/liv tyler/599.png
3,./aligned-images/liv tyler/237.png
3,./aligned-images/liv tyler/226.png
3,./aligned-images/liv tyler/373.png
3,./aligned-images/liv tyler/333.png
3,./aligned-images/liv tyler/89.png
3,./aligned-images/liv tyler/539.png
3,./aligned-images/liv tyler/673.png
3,./aligned-images/liv tyler/134.png
3,./aligned-images/liv tyler/369.png
3,./aligned-images/liv tyler/723.png
3,./aligned-images/liv tyler/249.png
3,./aligned-images/liv tyler/413.png
3,./aligned-images/liv tyler/105.png
3,./aligned-images/liv tyler/714.png
3,./aligned-images/liv tyler/751.png
3,./aligned-images/liv tyler/322.png
3,./aligned-images/liv tyler/571.png
3,./aligned-images/liv tyler/692.png
3,./aligned-images/liv tyler/338.png
3,./aligned-images/liv tyler/527.png
3,./aligned-images/liv tyler/334.png
3,./aligned-images/liv tyler/156.png
3,./aligned-images/liv tyler/281.png
3,./aligned-images/liv tyler/81.png
3,./aligned-images/liv tyler/397.png
3,./aligned-images/liv tyler/266.png
3,./aligned-images/liv tyler/381.png
3,./aligned-images/liv tyler/176.png
3,./aligned-images/liv tyler/810.png
3,./aligned-images/liv tyler/138.png
3,./aligned-images/liv tyler/246.png
3,./aligned-images/liv tyler/745.png
3,./aligned-images/liv tyler/423.png
3,./aligned-images/liv tyler/256.png
3,./aligned-images/liv tyler/269.png
3,./aligned-images/liv tyler/69.png
3,./aligned-images/liv tyler/25.png
3,./aligned-images/liv tyler/670.png
3,./aligned-images/liv tyler/33.png
3,./aligned-images/liv tyler/681.png
3,./aligned-images/liv tyler/62.png
3,./aligned-images/liv tyler/382.png
3,./aligned-images/liv tyler/243.png
3,./aligned-images/liv tyler/467.png
3,./aligned-images/liv tyler/792.png
3,./aligned-images/liv tyler/680.png
3,./aligned-images/liv tyler/341.png
3,./aligned-images/liv tyler/26.png
3,./aligned-images/liv tyler/372.png
3,./aligned-images/liv tyler/230.png
3,./aligned-images/liv tyler/712.png
3,./aligned-images/liv tyler/142.png
3,./aligned-images/liv tyler/515.png
3,./aligned-images/liv tyler/581.png
3,./aligned-images/liv tyler/363.png
3,./aligned-images/liv tyler/330.png
3,./aligned-images/liv tyler/223.png
3,./aligned-images/liv tyler/279.png
3,./aligned-images/liv tyler/563.png
3,./aligned-images/liv tyler/468.png
3,./aligned-images/liv tyler/87.png
3,./aligned-images/liv tyler/429.png
3,./aligned-images/liv tyler/432.png
3,./aligned-images/liv tyler/60.png
3,./aligned-images/liv tyler/20.png
4,./aligned-images/al gore/42.png
4,./aligned-images/al gore/10.png
4,./aligned-images/al gore/111.png
4,./aligned-images/al gore/92.png
4,./aligned-images/al gore/53.png
4,./aligned-images/al gore/3.png
4,./aligned-images/al gore/58.png
4,./aligned-images/al gore/132.png
4,./aligned-images/al gore/186.png
4,./aligned-images/al gore/179.png
4,./aligned-images/al gore/150.png
4,./aligned-images/al gore/247.png
4,./aligned-images/al gore/219.png
4,./aligned-images/al gore/299.png
4,./aligned-images/al gore/168.png
4,./aligned-images/al gore/306.png
4,./aligned-images/al gore/191.png
4,./aligned-images/al gore/239.png
4,./aligned-images/al gore/302.png
4,./aligned-images/al gore/178.png
4,./aligned-images/al gore/237.png
4,./aligned-images/al gore/72.png
4,./aligned-images/al gore/278.png
4,./aligned-images/al gore/113.png
4,./aligned-images/al gore/257.png
4,./aligned-images/al gore/153.png
4,./aligned-images/al gore/264.png
4,./aligned-images/al gore/348.png
4,./aligned-images/al gore/307.png
4,./aligned-images/al gore/176.png
4,./aligned-images/al gore/246.png
4,./aligned-images/al gore/40.png
4,./aligned-images/al gore/345.png
4,./aligned-images/al gore/134.png
4,./aligned-images/al gore/294.png
4,./aligned-images/al gore/338.png
4,./aligned-images/al gore/267.png
4,./aligned-images/al gore/334.png
4,./aligned-images/al gore/8.png
4,./aligned-images/al gore/93.png
4,./aligned-images/al gore/13.png
4,./aligned-images/al gore/314.png
4,./aligned-images/al gore/188.png
4,./aligned-images/al gore/63.png
4,./aligned-images/al gore/95.png
4,./aligned-images/al gore/122.png
4,./aligned-images/al gore/139.png
4,./aligned-images/al gore/262.png
4,./aligned-images/al gore/332.png
4,./aligned-images/al gore/43.png
4,./aligned-images/al gore/231.png
4,./aligned-images/al gore/199.png
4,./aligned-images/al gore/279.png
4,./aligned-images/al gore/80.png
4,./aligned-images/al gore/131.png
4,./aligned-images/al gore/35.png
4,./aligned-images/al gore/12.png
4,./aligned-images/al gore/91.png
4,./aligned-images/al gore/154.png
4,./aligned-images/al gore/129.png
4,./aligned-images/al gore/333.png
4,./aligned-images/al gore/284.png
4,./aligned-images/al gore/60.png
4,./aligned-images/al gore/39.png
4,./aligned-images/al gore/339.png
4,./aligned-images/al gore/46.png
4,./aligned-images/al gore/18.png
4,./aligned-images/al gore/268.png
4,./aligned-images/al gore/30.png
4,./aligned-images/al gore/207.png
4,./aligned-images/al gore/320.png
4,./aligned-images/al gore/209.png
4,./aligned-images/al gore/234.png
4,./aligned-images/al gore/148.png
4,./aligned-images/al gore/73.png
4,./aligned-images/al gore/220.png
4,./aligned-images/al gore/166.png
4,./aligned-images/al gore/226.png
4,./aligned-images/al gore/258.png
4,./aligned-images/al gore/323.png
4,./aligned-images/al gore/41.png
4,./aligned-images/al gore/103.png
4,./aligned-images/al gore/155.png
4,./aligned-images/al gore/144.png
4,./aligned-images/al gore/99.png
4,./aligned-images/al gore/22.png
4,./aligned-images/al gore/71.png
4,./aligned-images/al gore/100.png
4,./aligned-images/al gore/190.png
4,./aligned-images/al gore/110.png
4,./aligned-images/al gore/319.png
4,./aligned-images/al gore/254.png
4,./aligned-images/al gore/146.png
4,./aligned-images/al gore/177.png
4,./aligned-images/al gore/216.png
4,./aligned-images/al gore/198.png
4,./aligned-images/al gore/65.png
4,./aligned-images/al gore/16.png
4,./aligned-images/al gore/37.png
4,./aligned-images/al gore/54.png
4,./aligned-images/al gore/87.png
4,./aligned-images/al gore/36.png
4,./aligned-images/al gore/1.png
4,./aligned-images/al gore/193.png
4,./aligned-images/al gore/97.png
4,./aligned-images/al gore/305.png
4,./aligned-images/al gore/241.png
4,./aligned-images/al gore/118.png
4,./aligned-images/al gore/253.png
4,./aligned-images/al gore/75.png
4,./aligned-images/al gore/162.png
4,./aligned-images/al gore/265.png
4,./aligned-images/al gore/213.png
4,./aligned-images/al gore/260.png
4,./aligned-images/al gore/283.png
4,./aligned-images/al gore/349.png
4,./aligned-images/al gore/126.png
4,./aligned-images/al gore/184.png
4,./aligned-images/al gore/96.png
4,./aligned-images/al gore/57.png
4,./aligned-images/al gore/194.png
4,./aligned-images/al gore/15.png
4,./aligned-images/al gore/14.png
4,./aligned-images/al gore/212.png
4,./aligned-images/al gore/223.png
4,./aligned-images/al gore/49.png
4,./aligned-images/al gore/236.png
4,./aligned-images/al gore/52.png
4,./aligned-images/al gore/238.png
4,./aligned-images/al gore/50.png
4,./aligned-images/al gore/31.png
4,./aligned-images/al gore/187.png
4,./aligned-images/al gore/317.png
4,./aligned-images/al gore/228.png
4,./aligned-images/al gore/88.png
4,./aligned-images/al gore/112.png
4,./aligned-images/al gore/315.png
4,./aligned-images/al gore/274.png
4,./aligned-images/al gore/204.png
4,./aligned-images/al gore/289.png
4,./aligned-images/al gore/115.png
5,./aligned-images/martina hingis/59.png
5,./aligned-images/martina hingis/9.png
5,./aligned-images/martina hingis/11.png
5,./aligned-images/martina hingis/47.png
5,./aligned-images/martina hingis/36.png
5,./aligned-images/martina hingis/26.png
5,./aligned-images/martina hingis/5.png
5,./aligned-images/martina hingis/46.png
5,./aligned-images/martina hingis/4.png
5,./aligned-images/martina hingis/12.png
5,./aligned-images/martina hingis/32.png
5,./aligned-images/martina hingis/38.png
5,./aligned-images/martina hingis/48.png
5,./aligned-images/martina hingis/42.png
5,./aligned-images/martina hingis/19.png
5,./aligned-images/martina hingis/33.png
5,./aligned-images/martina hingis/25.png
5,./aligned-images/martina hingis/41.png
5,./aligned-images/martina hingis/18.png
5,./aligned-images/martina hingis/14.png
5,./aligned-images/martina hingis/0.png
5,./aligned-images/martina hingis/58.png
5,./aligned-images/martina hingis/53.png
5,./aligned-images/martina hingis/7.png
5,./aligned-images/martina hingis/17.png
5,./aligned-images/martina hingis/54.png
5,./aligned-images/martina hingis/50.png
5,./aligned-images/martina hingis/49.png
5,./aligned-images/martina hingis/39.png
5,./aligned-images/martina hingis/30.png
5,./aligned-images/martina hingis/62.png
5,./aligned-images/martina hingis/37.png
5,./aligned-images/martina hingis/21.png
5,./aligned-images/martina hingis/16.png
5,./aligned-images/martina hingis/2.png
5,./aligned-images/martina hingis/35.png
5,./aligned-images/martina hingis/23.png
6,./aligned-images/aishwarya rai/284.png
6,./aligned-images/aishwarya rai/1492.png
6,./aligned-images/aishwarya rai/1393.png
6,./aligned-images/aishwarya rai/1785.png
6,./aligned-images/aishwarya rai/294.png
6,./aligned-images/aishwarya rai/221.png
6,./aligned-images/aishwarya rai/772.png
6,./aligned-images/aishwarya rai/565.png
6,./aligned-images/aishwarya rai/66.png
6,./aligned-images/aishwarya rai/1553.png
6,./aligned-images/aishwarya rai/1779.png
6,./aligned-images/aishwarya rai/223.png
6,./aligned-images/aishwarya rai/649.png
6,./aligned-images/aishwarya rai/827.png
6,./aligned-images/aishwarya rai/1453.png
6,./aligned-images/aishwarya rai/1628.png
6,./aligned-images/aishwarya rai/979.png
6,./aligned-images/aishwarya rai/1288.png
6,./aligned-images/aishwarya rai/330.png
6,./aligned-images/aishwarya rai/1581.png
6,./aligned-images/aishwarya rai/306.png
6,./aligned-images/aishwarya rai/848.png
6,./aligned-images/aishwarya rai/1442.png
6,./aligned-images/aishwarya rai/23.png
6,./aligned-images/aishwarya rai/448.png
6,./aligned-images/aishwarya rai/1282.png
6,./aligned-images/aishwarya rai/656.png
6,./aligned-images/aishwarya rai/1326.png
6,./aligned-images/aishwarya rai/622.png
6,./aligned-images/aishwarya rai/1603.png
6,./aligned-images/aishwarya rai/281.png
6,./aligned-images/aishwarya rai/1739.png
6,./aligned-images/aishwarya rai/770.png
6,./aligned-images/aishwarya rai/1261.png
6,./aligned-images/aishwarya rai/1332.png
6,./aligned-images/aishwarya rai/1614.png
6,./aligned-images/aishwarya rai/592.png
6,./aligned-images/aishwarya rai/1534.png
6,./aligned-images/aishwarya rai/1206.png
6,./aligned-images/aishwarya rai/436.png
6,./aligned-images/aishwarya rai/558.png
6,./aligned-images/aishwarya rai/218.png
6,./aligned-images/aishwarya rai/586.png
6,./aligned-images/aishwarya rai/421.png
6,./aligned-images/aishwarya rai/1577.png
6,./aligned-images/aishwarya rai/1235.png
6,./aligned-images/aishwarya rai/922.png
6,./aligned-images/aishwarya rai/354.png
6,./aligned-images/aishwarya rai/951.png
6,./aligned-images/aishwarya rai/1096.png
6,./aligned-images/aishwarya rai/776.png
6,./aligned-images/aishwarya rai/475.png
6,./aligned-images/aishwarya rai/632.png
6,./aligned-images/aishwarya rai/247.png
6,./aligned-images/aishwarya rai/1849.png
6,./aligned-images/aishwarya rai/377.png
6,./aligned-images/aishwarya rai/178.png
6,./aligned-images/aishwarya rai/1271.png
6,./aligned-images/aishwarya rai/1508.png
6,./aligned-images/aishwarya rai/1365.png
6,./aligned-images/aishwarya rai/750.png
6,./aligned-images/aishwarya rai/1927.png
6,./aligned-images/aishwarya rai/1482.png
6,./aligned-images/aishwarya rai/1154.png
6,./aligned-images/aishwarya rai/1573.png
6,./aligned-images/aishwarya rai/753.png
6,./aligned-images/aishwarya rai/170.png
6,./aligned-images/aishwarya rai/1092.png
6,./aligned-images/aishwarya rai/1650.png
6,./aligned-images/aishwarya rai/692.png
6,./aligned-images/aishwarya rai/1240.png
6,./aligned-images/aishwarya rai/166.png
6,./aligned-images/aishwarya rai/301.png
6,./aligned-images/aishwarya rai/1309.png
6,./aligned-images/aishwarya rai/682.png
6,./aligned-images/aishwarya rai/1062.png
6,./aligned-images/aishwarya rai/706.png
6,./aligned-images/aishwarya rai/980.png
6,./aligned-images/aishwarya rai/287.png
6,./aligned-images/aishwarya rai/928.png
6,./aligned-images/aishwarya rai/1171.png
6,./aligned-images/aishwarya rai/1060.png
6,./aligned-images/aishwarya rai/861.png
6,./aligned-images/aishwarya rai/911.png
6,./aligned-images/aishwarya rai/1500.png
6,./aligned-images/aishwarya rai/80.png
6,./aligned-images/aishwarya rai/734.png
6,./aligned-images/aishwarya rai/915.png
6,./aligned-images/aishwarya rai/1145.png
6,./aligned-images/aishwarya rai/1053.png
6,./aligned-images/aishwarya rai/444.png
6,./aligned-images/aishwarya rai/930.png
6,./aligned-images/aishwarya rai/1403.png
6,./aligned-images/aishwarya rai/340.png
6,./aligned-images/aishwarya rai/1912.png
6,./aligned-images/aishwarya rai/1855.png
6,./aligned-images/aishwarya rai/1942.png
6,./aligned-images/aishwarya rai/1645.png
6,./aligned-images/aishwarya rai/1007.png
6,./aligned-images/aishwarya rai/1528.png
6,./aligned-images/aishwarya rai/595.png
6,./aligned-images/aishwarya rai/1095.png
6,./aligned-images/aishwarya rai/1720.png
6,./aligned-images/aishwarya rai/1352.png
6,./aligned-images/aishwarya rai/1711.png
6,./aligned-images/aishwarya rai/347.png
6,./aligned-images/aishwarya rai/140.png
6,./aligned-images/aishwarya rai/457.png
6,./aligned-images/aishwarya rai/1629.png
6,./aligned-images/aishwarya rai/210.png
6,./aligned-images/aishwarya rai/163.png
6,./aligned-images/aishwarya rai/1541.png
6,./aligned-images/aishwarya rai/112.png
6,./aligned-images/aishwarya rai/605.png
6,./aligned-images/aishwarya rai/1305.png
6,./aligned-images/aishwarya rai/1391.png
6,./aligned-images/aishwarya rai/266.png
6,./aligned-images/aishwarya rai/981.png
6,./aligned-images/aishwarya rai/768.png
6,./aligned-images/aishwarya rai/702.png
6,./aligned-images/aishwarya rai/1449.png
6,./aligned-images/aishwarya rai/317.png
6,./aligned-images/aishwarya rai/908.png
6,./aligned-images/aishwarya rai/636.png
6,./aligned-images/aishwarya rai/1945.png
6,./aligned-images/aishwarya rai/784.png
6,./aligned-images/aishwarya rai/906.png
6,./aligned-images/aishwarya rai/1110.png
6,./aligned-images/aishwarya rai/1560.png
6,./aligned-images/aishwarya rai/1736.png
6,./aligned-images/aishwarya rai/312.png
6,./aligned-images/aishwarya rai/623.png
6,./aligned-images/aishwarya rai/524.png
6,./aligned-images/aishwarya rai/414.png
6,./aligned-images/aishwarya rai/948.png
6,./aligned-images/aishwarya rai/222.png
6,./aligned-images/aishwarya rai/1386.png
6,./aligned-images/aishwarya rai/1341.png
6,./aligned-images/aishwarya rai/428.png
6,./aligned-images/aishwarya rai/1840.png
6,./aligned-images/aishwarya rai/902.png
6,./aligned-images/aishwarya rai/16.png
6,./aligned-images/aishwarya rai/1267.png
6,./aligned-images/aishwarya rai/197.png
6,./aligned-images/aishwarya rai/276.png
6,./aligned-images/aishwarya rai/465.png
6,./aligned-images/aishwarya rai/1756.png
6,./aligned-images/aishwarya rai/124.png
6,./aligned-images/aishwarya rai/1121.png
6,./aligned-images/aishwarya rai/1514.png
6,./aligned-images/aishwarya rai/1477.png
6,./aligned-images/aishwarya rai/1289.png
6,./aligned-images/aishwarya rai/1575.png
6,./aligned-images/aishwarya rai/795.png
6,./aligned-images/aishwarya rai/1084.png
6,./aligned-images/aishwarya rai/1003.png
6,./aligned-images/aishwarya rai/99.png
6,./aligned-images/aishwarya rai/1624.png
6,./aligned-images/aishwarya rai/856.png
6,./aligned-images/aishwarya rai/1817.png
6,./aligned-images/aishwarya rai/1470.png
6,./aligned-images/aishwarya rai/394.png
6,./aligned-images/aishwarya rai/1224.png
6,./aligned-images/aishwarya rai/612.png
6,./aligned-images/aishwarya rai/1722.png
6,./aligned-images/aishwarya rai/1323.png
6,./aligned-images/aishwarya rai/1499.png
6,./aligned-images/aishwarya rai/273.png
6,./aligned-images/aishwarya rai/1192.png
6,./aligned-images/aishwarya rai/1801.png
6,./aligned-images/aishwarya rai/68.png
6,./aligned-images/aishwarya rai/31.png
6,./aligned-images/aishwarya rai/439.png
6,./aligned-images/aishwarya rai/603.png
6,./aligned-images/aishwarya rai/517.png
6,./aligned-images/aishwarya rai/1507.png
6,./aligned-images/aishwarya rai/1655.png
6,./aligned-images/aishwarya rai/1362.png
6,./aligned-images/aishwarya rai/395.png
6,./aligned-images/aishwarya rai/1204.png
6,./aligned-images/aishwarya rai/1232.png
6,./aligned-images/aishwarya rai/1169.png
6,./aligned-images/aishwarya rai/1363.png
6,./aligned-images/aishwarya rai/336.png
6,./aligned-images/aishwarya rai/1642.png
6,./aligned-images/aishwarya rai/333.png
6,./aligned-images/aishwarya rai/578.png
6,./aligned-images/aishwarya rai/846.png
6,./aligned-images/aishwarya rai/318.png
6,./aligned-images/aishwarya rai/157.png
6,./aligned-images/aishwarya rai/1597.png
6,./aligned-images/aishwarya rai/785.png
6,./aligned-images/aishwarya rai/1002.png
6,./aligned-images/aishwarya rai/553.png
6,./aligned-images/aishwarya rai/214.png
6,./aligned-images/aishwarya rai/919.png
6,./aligned-images/aishwarya rai/1236.png
6,./aligned-images/aishwarya rai/1459.png
6,./aligned-images/aishwarya rai/1734.png
6,./aligned-images/aishwarya rai/793.png
6,./aligned-images/aishwarya rai/58.png
6,./aligned-images/aishwarya rai/1774.png
6,./aligned-images/aishwarya rai/122.png
6,./aligned-images/aishwarya rai/496.png
6,./aligned-images/aishwarya rai/1529.png
6,./aligned-images/aishwarya rai/1035.png
6,./aligned-images/aishwarya rai/1484.png
6,./aligned-images/aishwarya rai/1114.png
6,./aligned-images/aishwarya rai/1448.png
6,./aligned-images/aishwarya rai/1205.png
6,./aligned-images/aishwarya rai/43.png
6,./aligned-images/aishwarya rai/637.png
6,./aligned-images/aishwarya rai/345.png
6,./aligned-images/aishwarya rai/674.png
6,./aligned-images/aishwarya rai/272.png
6,./aligned-images/aishwarya rai/845.png
6,./aligned-images/aishwarya rai/518.png
6,./aligned-images/aishwarya rai/1769.png
6,./aligned-images/aishwarya rai/268.png
6,./aligned-images/aishwarya rai/1126.png
6,./aligned-images/aishwarya rai/1691.png
6,./aligned-images/aishwarya rai/205.png
6,./aligned-images/aishwarya rai/1249.png
6,./aligned-images/aishwarya rai/1871.png
6,./aligned-images/aishwarya rai/405.png
6,./aligned-images/aishwarya rai/229.png
6,./aligned-images/aishwarya rai/1648.png
6,./aligned-images/aishwarya rai/1479.png
6,./aligned-images/aishwarya rai/1357.png
6,./aligned-images/aishwarya rai/1654.png
6,./aligned-images/aishwarya rai/1712.png
6,./aligned-images/aishwarya rai/1584.png
6,./aligned-images/aishwarya rai/825.png
6,./aligned-images/aishwarya rai/929.png
6,./aligned-images/aishwarya rai/1055.png
6,./aligned-images/aishwarya rai/1929.png
6,./aligned-images/aishwarya rai/877.png
6,./aligned-images/aishwarya rai/1027.png
6,./aligned-images/aishwarya rai/1421.png
6,./aligned-images/aishwarya rai/721.png
6,./aligned-images/aishwarya rai/913.png
6,./aligned-images/aishwarya rai/997.png
6,./aligned-images/aishwarya rai/536.png
6,./aligned-images/aishwarya rai/1263.png
6,./aligned-images/aishwarya rai/1643.png
6,./aligned-images/aishwarya rai/350.png
6,./aligned-images/aishwarya rai/280.png
6,./aligned-images/aishwarya rai/917.png
6,./aligned-images/aishwarya rai/993.png
6,./aligned-images/aishwarya rai/854.png
6,./aligned-images/aishwarya rai/1905.png
6,./aligned-images/aishwarya rai/376.png
6,./aligned-images/aishwarya rai/616.png
6,./aligned-images/aishwarya rai/858.png
6,./aligned-images/aishwarya rai/1780.png
6,./aligned-images/aishwarya rai/413.png
6,./aligned-images/aishwarya rai/960.png
6,./aligned-images/aishwarya rai/1662.png
6,./aligned-images/aishwarya rai/1556.png
6,./aligned-images/aishwarya rai/458.png
6,./aligned-images/aishwarya rai/1090.png
6,./aligned-images/aishwarya rai/544.png
6,./aligned-images/aishwarya rai/1923.png
6,./aligned-images/aishwarya rai/1497.png
6,./aligned-images/aishwarya rai/179.png
6,./aligned-images/aishwarya rai/1322.png
6,./aligned-images/aishwarya rai/870.png
6,./aligned-images/aishwarya rai/257.png
6,./aligned-images/aishwarya rai/1798.png
6,./aligned-images/aishwarya rai/1940.png
6,./aligned-images/aishwarya rai/516.png
6,./aligned-images/aishwarya rai/207.png
6,./aligned-images/aishwarya rai/1427.png
6,./aligned-images/aishwarya rai/1013.png
6,./aligned-images/aishwarya rai/1870.png
6,./aligned-images/aishwarya rai/1791.png
6,./aligned-images/aishwarya rai/576.png
6,./aligned-images/aishwarya rai/245.png
6,./aligned-images/aishwarya rai/1735.png
6,./aligned-images/aishwarya rai/1908.png
6,./aligned-images/aishwarya rai/1911.png
6,./aligned-images/aishwarya rai/271.png
6,./aligned-images/aishwarya rai/487.png
6,./aligned-images/aishwarya rai/1225.png
6,./aligned-images/aishwarya rai/890.png
6,./aligned-images/aishwarya rai/1302.png
6,./aligned-images/aishwarya rai/964.png
6,./aligned-images/aishwarya rai/88.png
6,./aligned-images/aishwarya rai/1415.png
6,./aligned-images/aishwarya rai/1381.png
6,./aligned-images/aishwarya rai/1083.png
6,./aligned-images/aishwarya rai/240.png
6,./aligned-images/aishwarya rai/1540.png
6,./aligned-images/aishwarya rai/74.png
6,./aligned-images/aishwarya rai/638.png
6,./aligned-images/aishwarya rai/994.png
6,./aligned-images/aishwarya rai/742.png
6,./aligned-images/aishwarya rai/451.png
6,./aligned-images/aishwarya rai/1270.png
6,./aligned-images/aishwarya rai/472.png
6,./aligned-images/aishwarya rai/695.png
6,./aligned-images/aishwarya rai/1219.png
6,./aligned-images/aishwarya rai/1417.png
6,./aligned-images/aishwarya rai/29.png
6,./aligned-images/aishwarya rai/581.png
6,./aligned-images/aishwarya rai/393.png
6,./aligned-images/aishwarya rai/1716.png
6,./aligned-images/aishwarya rai/808.png
6,./aligned-images/aishwarya rai/1637.png
6,./aligned-images/aishwarya rai/98.png
6,./aligned-images/aishwarya rai/204.png
6,./aligned-images/aishwarya rai/764.png
6,./aligned-images/aishwarya rai/167.png
6,./aligned-images/aishwarya rai/912.png
6,./aligned-images/aishwarya rai/608.png
6,./aligned-images/aishwarya rai/1358.png
6,./aligned-images/aishwarya rai/419.png
6,./aligned-images/aishwarya rai/844.png
6,./aligned-images/aishwarya rai/1041.png
6,./aligned-images/aishwarya rai/1903.png
6,./aligned-images/aishwarya rai/1370.png
6,./aligned-images/aishwarya rai/1776.png
6,./aligned-images/aishwarya rai/427.png
6,./aligned-images/aishwarya rai/279.png
6,./aligned-images/aishwarya rai/907.png
6,./aligned-images/aishwarya rai/567.png
6,./aligned-images/aishwarya rai/1099.png
6,./aligned-images/aishwarya rai/847.png
6,./aligned-images/aishwarya rai/500.png
6,./aligned-images/aishwarya rai/1439.png
6,./aligned-images/aishwarya rai/689.png
6,./aligned-images/aishwarya rai/1547.png
6,./aligned-images/aishwarya rai/627.png
6,./aligned-images/aishwarya rai/300.png
6,./aligned-images/aishwarya rai/381.png
6,./aligned-images/aishwarya rai/571.png
6,./aligned-images/aishwarya rai/1404.png
6,./aligned-images/aishwarya rai/657.png
6,./aligned-images/aishwarya rai/1231.png
6,./aligned-images/aishwarya rai/498.png
6,./aligned-images/aishwarya rai/659.png
6,./aligned-images/aishwarya rai/1064.png
6,./aligned-images/aishwarya rai/757.png
6,./aligned-images/aishwarya rai/1565.png
6,./aligned-images/aishwarya rai/950.png
6,./aligned-images/aishwarya rai/1026.png
6,./aligned-images/aishwarya rai/783.png
6,./aligned-images/aishwarya rai/366.png
6,./aligned-images/aishwarya rai/1029.png
6,./aligned-images/aishwarya rai/1146.png
6,./aligned-images/aishwarya rai/1466.png
6,./aligned-images/aishwarya rai/239.png
6,./aligned-images/aishwarya rai/1625.png
6,./aligned-images/aishwarya rai/693.png
6,./aligned-images/aishwarya rai/196.png
6,./aligned-images/aishwarya rai/1657.png
6,./aligned-images/aishwarya rai/1521.png
6,./aligned-images/aishwarya rai/1728.png
6,./aligned-images/aishwarya rai/1022.png
6,./aligned-images/aishwarya rai/775.png
6,./aligned-images/aishwarya rai/142.png
6,./aligned-images/aishwarya rai/1275.png
6,./aligned-images/aishwarya rai/569.png
6,./aligned-images/aishwarya rai/47.png
6,./aligned-images/aishwarya rai/577.png
6,./aligned-images/aishwarya rai/367.png
6,./aligned-images/aishwarya rai/1843.png
6,./aligned-images/aishwarya rai/1101.png
6,./aligned-images/aishwarya rai/1100.png
6,./aligned-images/aishwarya rai/48.png
6,./aligned-images/aishwarya rai/447.png
6,./aligned-images/aishwarya rai/1595.png
6,./aligned-images/aishwarya rai/1820.png
6,./aligned-images/aishwarya rai/1931.png
6,./aligned-images/aishwarya rai/599.png
6,./aligned-images/aishwarya rai/1790.png
6,./aligned-images/aishwarya rai/1686.png
6,./aligned-images/aishwarya rai/810.png
6,./aligned-images/aishwarya rai/924.png
6,./aligned-images/aishwarya rai/151.png
6,./aligned-images/aishwarya rai/1522.png
6,./aligned-images/aishwarya rai/1157.png
6,./aligned-images/aishwarya rai/185.png
6,./aligned-images/aishwarya rai/136.png
6,./aligned-images/aishwarya rai/1868.png
6,./aligned-images/aishwarya rai/430.png
6,./aligned-images/aishwarya rai/513.png
6,./aligned-images/aishwarya rai/331.png
6,./aligned-images/aishwarya rai/339.png
6,./aligned-images/aishwarya rai/63.png
6,./aligned-images/aishwarya rai/1944.png
6,./aligned-images/aishwarya rai/1075.png
6,./aligned-images/aishwarya rai/1651.png
6,./aligned-images/aishwarya rai/1411.png
6,./aligned-images/aishwarya rai/654.png
6,./aligned-images/aishwarya rai/1661.png
6,./aligned-images/aishwarya rai/402.png
6,./aligned-images/aishwarya rai/552.png
6,./aligned-images/aishwarya rai/700.png
6,./aligned-images/aishwarya rai/258.png
6,./aligned-images/aishwarya rai/1644.png
6,./aligned-images/aishwarya rai/747.png
6,./aligned-images/aishwarya rai/1810.png
6,./aligned-images/aishwarya rai/788.png
6,./aligned-images/aishwarya rai/1653.png
6,./aligned-images/aishwarya rai/739.png
6,./aligned-images/aishwarya rai/1437.png
6,./aligned-images/aishwarya rai/1149.png
6,./aligned-images/aishwarya rai/1129.png
6,./aligned-images/aishwarya rai/1851.png
6,./aligned-images/aishwarya rai/1032.png
6,./aligned-images/aishwarya rai/1786.png
6,./aligned-images/aishwarya rai/971.png
6,./aligned-images/aishwarya rai/1334.png
6,./aligned-images/aishwarya rai/769.png
6,./aligned-images/aishwarya rai/1805.png
6,./aligned-images/aishwarya rai/104.png
6,./aligned-images/aishwarya rai/683.png
6,./aligned-images/aishwarya rai/1601.png
6,./aligned-images/aishwarya rai/123.png
6,./aligned-images/aishwarya rai/566.png
6,./aligned-images/aishwarya rai/598.png
6,./aligned-images/aishwarya rai/1024.png
6,./aligned-images/aishwarya rai/357.png
6,./aligned-images/aishwarya rai/1048.png
6,./aligned-images/aishwarya rai/435.png
6,./aligned-images/aishwarya rai/1939.png
6,./aligned-images/aishwarya rai/1395.png
6,./aligned-images/aishwarya rai/1670.png
6,./aligned-images/aishwarya rai/669.png
6,./aligned-images/aishwarya rai/244.png
6,./aligned-images/aishwarya rai/663.png
6,./aligned-images/aishwarya rai/711.png
6,./aligned-images/aishwarya rai/681.png
6,./aligned-images/aishwarya rai/390.png
6,./aligned-images/aishwarya rai/1303.png
6,./aligned-images/aishwarya rai/1483.png
6,./aligned-images/aishwarya rai/838.png
6,./aligned-images/aishwarya rai/482.png
6,./aligned-images/aishwarya rai/1904.png
6,./aligned-images/aishwarya rai/485.png
6,./aligned-images/aishwarya rai/547.png
6,./aligned-images/aishwarya rai/1832.png
6,./aligned-images/aishwarya rai/1519.png
6,./aligned-images/aishwarya rai/1467.png
6,./aligned-images/aishwarya rai/1802.png
6,./aligned-images/aishwarya rai/165.png
6,./aligned-images/aishwarya rai/309.png
6,./aligned-images/aishwarya rai/1188.png
6,./aligned-images/aishwarya rai/1512.png
6,./aligned-images/aishwarya rai/87.png
6,./aligned-images/aishwarya rai/403.png
6,./aligned-images/aishwarya rai/1435.png
6,./aligned-images/aishwarya rai/1684.png
6,./aligned-images/aishwarya rai/1729.png
6,./aligned-images/aishwarya rai/371.png
6,./aligned-images/aishwarya rai/588.png
6,./aligned-images/aishwarya rai/344.png
6,./aligned-images/aishwarya rai/1701.png
6,./aligned-images/aishwarya rai/572.png
6,./aligned-images/aishwarya rai/1698.png
6,./aligned-images/aishwarya rai/763.png
6,./aligned-images/aishwarya rai/679.png
6,./aligned-images/aishwarya rai/1243.png
6,./aligned-images/aishwarya rai/1310.png
6,./aligned-images/aishwarya rai/1056.png
6,./aligned-images/aishwarya rai/1682.png
6,./aligned-images/aishwarya rai/554.png
6,./aligned-images/aishwarya rai/671.png
6,./aligned-images/aishwarya rai/1918.png
6,./aligned-images/aishwarya rai/251.png
6,./aligned-images/aishwarya rai/738.png
6,./aligned-images/aishwarya rai/1308.png
6,./aligned-images/aishwarya rai/422.png
6,./aligned-images/aishwarya rai/1407.png
6,./aligned-images/aishwarya rai/1846.png
6,./aligned-images/aishwarya rai/821.png
6,./aligned-images/aishwarya rai/1057.png
6,./aligned-images/aishwarya rai/530.png
6,./aligned-images/aishwarya rai/718.png
6,./aligned-images/aishwarya rai/548.png
6,./aligned-images/aishwarya rai/615.png
6,./aligned-images/aishwarya rai/1602.png
6,./aligned-images/aishwarya rai/343.png
6,./aligned-images/aishwarya rai/313.png
6,./aligned-images/aishwarya rai/635.png
6,./aligned-images/aishwarya rai/732.png
6,./aligned-images/aishwarya rai/5.png
6,./aligned-images/aishwarya rai/429.png
6,./aligned-images/aishwarya rai/988.png
6,./aligned-images/aishwarya rai/1408.png
6,./aligned-images/aishwarya rai/1494.png
6,./aligned-images/aishwarya rai/963.png
6,./aligned-images/aishwarya rai/190.png
6,./aligned-images/aishwarya rai/265.png
6,./aligned-images/aishwarya rai/1457.png
6,./aligned-images/aishwarya rai/1465.png
6,./aligned-images/aishwarya rai/1838.png
6,./aligned-images/aishwarya rai/1902.png
6,./aligned-images/aishwarya rai/364.png
6,./aligned-images/aishwarya rai/1105.png
6,./aligned-images/aishwarya rai/771.png
6,./aligned-images/aishwarya rai/967.png
6,./aligned-images/aishwarya rai/1623.png
6,./aligned-images/aishwarya rai/180.png
6,./aligned-images/aishwarya rai/733.png
6,./aligned-images/aishwarya rai/509.png
6,./aligned-images/aishwarya rai/892.png
6,./aligned-images/aishwarya rai/510.png
6,./aligned-images/aishwarya rai/731.png
6,./aligned-images/aishwarya rai/1505.png
6,./aligned-images/aishwarya rai/1633.png
6,./aligned-images/aishwarya rai/73.png
6,./aligned-images/aishwarya rai/1763.png
6,./aligned-images/aishwarya rai/1646.png
6,./aligned-images/aishwarya rai/1356.png
6,./aligned-images/aishwarya rai/399.png
6,./aligned-images/aishwarya rai/574.png
6,./aligned-images/aishwarya rai/722.png
6,./aligned-images/aishwarya rai/705.png
6,./aligned-images/aishwarya rai/1086.png
6,./aligned-images/aishwarya rai/398.png
6,./aligned-images/aishwarya rai/642.png
6,./aligned-images/aishwarya rai/1104.png
6,./aligned-images/aishwarya rai/597.png
6,./aligned-images/aishwarya rai/1778.png
6,./aligned-images/aishwarya rai/1107.png
6,./aligned-images/aishwarya rai/64.png
6,./aligned-images/aishwarya rai/1550.png
6,./aligned-images/aishwarya rai/814.png
6,./aligned-images/aishwarya rai/1177.png
6,./aligned-images/aishwarya rai/1794.png
6,./aligned-images/aishwarya rai/1093.png
6,./aligned-images/aishwarya rai/1916.png
6,./aligned-images/aishwarya rai/1622.png
6,./aligned-images/aishwarya rai/587.png
6,./aligned-images/aishwarya rai/975.png
6,./aligned-images/aishwarya rai/1218.png
6,./aligned-images/aishwarya rai/270.png
6,./aligned-images/aishwarya rai/690.png
6,./aligned-images/aishwarya rai/483.png
6,./aligned-images/aishwarya rai/1634.png
6,./aligned-images/aishwarya rai/868.png
6,./aligned-images/aishwarya rai/1473.png
6,./aligned-images/aishwarya rai/1631.png
6,./aligned-images/aishwarya rai/613.png
6,./aligned-images/aishwarya rai/1582.png
6,./aligned-images/aishwarya rai/147.png
6,./aligned-images/aishwarya rai/527.png
6,./aligned-images/aishwarya rai/939.png
6,./aligned-images/aishwarya rai/1109.png
6,./aligned-images/aishwarya rai/1203.png
6,./aligned-images/aishwarya rai/438.png
6,./aligned-images/aishwarya rai/495.png
6,./aligned-images/aishwarya rai/583.png
6,./aligned-images/aishwarya rai/152.png
6,./aligned-images/aishwarya rai/101.png
6,./aligned-images/aishwarya rai/39.png
6,./aligned-images/aishwarya rai/1811.png
6,./aligned-images/aishwarya rai/291.png
6,./aligned-images/aishwarya rai/699.png
6,./aligned-images/aishwarya rai/10.png
6,./aligned-images/aishwarya rai/639.png
6,./aligned-images/aishwarya rai/716.png
6,./aligned-images/aishwarya rai/550.png
6,./aligned-images/aishwarya rai/492.png
6,./aligned-images/aishwarya rai/629.png
6,./aligned-images/aishwarya rai/434.png
6,./aligned-images/aishwarya rai/780.png
6,./aligned-images/aishwarya rai/442.png
6,./aligned-images/aishwarya rai/1663.png
6,./aligned-images/aishwarya rai/162.png
6,./aligned-images/aishwarya rai/410.png
6,./aligned-images/aishwarya rai/1872.png
6,./aligned-images/aishwarya rai/703.png
6,./aligned-images/aishwarya rai/1281.png
6,./aligned-images/aishwarya rai/1501.png
6,./aligned-images/aishwarya rai/766.png
6,./aligned-images/aishwarya rai/1753.png
6,./aligned-images/aishwarya rai/131.png
6,./aligned-images/aishwarya rai/188.png
6,./aligned-images/aishwarya rai/507.png
6,./aligned-images/aishwarya rai/591.png
6,./aligned-images/aishwarya rai/1153.png
6,./aligned-images/aishwarya rai/1856.png
6,./aligned-images/aishwarya rai/503.png
6,./aligned-images/aishwarya rai/1693.png
6,./aligned-images/aishwarya rai/940.png
6,./aligned-images/aishwarya rai/319.png
6,./aligned-images/aishwarya rai/1886.png
6,./aligned-images/aishwarya rai/424.png
6,./aligned-images/aishwarya rai/382.png
6,./aligned-images/aishwarya rai/261.png
6,./aligned-images/aishwarya rai/1106.png
6,./aligned-images/aishwarya rai/174.png
6,./aligned-images/aishwarya rai/1538.png
6,./aligned-images/aishwarya rai/1563.png
6,./aligned-images/aishwarya rai/1266.png
6,./aligned-images/aishwarya rai/314.png
6,./aligned-images/aishwarya rai/1719.png
6,./aligned-images/aishwarya rai/842.png
6,./aligned-images/aishwarya rai/34.png
6,./aligned-images/aishwarya rai/1796.png
6,./aligned-images/aishwarya rai/1531.png
6,./aligned-images/aishwarya rai/1689.png
6,./aligned-images/aishwarya rai/1493.png
6,./aligned-images/aishwarya rai/1398.png
6,./aligned-images/aishwarya rai/820.png
6,./aligned-images/aishwarya rai/392.png
6,./aligned-images/aishwarya rai/1066.png
6,./aligned-images/aishwarya rai/1787.png
6,./aligned-images/aishwarya rai/1389.png
6,./aligned-images/aishwarya rai/321.png
6,./aligned-images/aishwarya rai/1836.png
6,./aligned-images/aishwarya rai/641.png
6,./aligned-images/aishwarya rai/1772.png
6,./aligned-images/aishwarya rai/1821.png
6,./aligned-images/aishwarya rai/77.png
6,./aligned-images/aishwarya rai/1021.png
6,./aligned-images/aishwarya rai/285.png
6,./aligned-images/aishwarya rai/1402.png
6,./aligned-images/aishwarya rai/477.png
6,./aligned-images/aishwarya rai/1616.png
6,./aligned-images/aishwarya rai/383.png
6,./aligned-images/aishwarya rai/1384.png
6,./aligned-images/aishwarya rai/307.png
6,./aligned-images/aishwarya rai/255.png
6,./aligned-images/aishwarya rai/621.png
6,./aligned-images/aishwarya rai/824.png
6,./aligned-images/aishwarya rai/135.png
6,./aligned-images/aishwarya rai/1480.png
6,./aligned-images/aishwarya rai/404.png
6,./aligned-images/aishwarya rai/1551.png
6,./aligned-images/aishwarya rai/128.png
6,./aligned-images/aishwarya rai/1215.png
6,./aligned-images/aishwarya rai/914.png
6,./aligned-images/aishwarya rai/1314.png
6,./aligned-images/aishwarya rai/1704.png
6,./aligned-images/aishwarya rai/1777.png
6,./aligned-images/aishwarya rai/1040.png
6,./aligned-images/aishwarya rai/653.png
6,./aligned-images/aishwarya rai/724.png
6,./aligned-images/aishwarya rai/379.png
6,./aligned-images/aishwarya rai/246.png
6,./aligned-images/aishwarya rai/1392.png
6,./aligned-images/aishwarya rai/651.png
6,./aligned-images/aishwarya rai/1180.png
6,./aligned-images/aishwarya rai/1445.png
6,./aligned-images/aishwarya rai/1818.png
6,./aligned-images/aishwarya rai/1278.png
6,./aligned-images/aishwarya rai/1873.png
6,./aligned-images/aishwarya rai/13.png
6,./aligned-images/aishwarya rai/714.png
6,./aligned-images/aishwarya rai/21.png
6,./aligned-images/aishwarya rai/264.png
6,./aligned-images/aishwarya rai/1907.png
6,./aligned-images/aishwarya rai/212.png
6,./aligned-images/aishwarya rai/1272.png
6,./aligned-images/aishwarya rai/342.png
6,./aligned-images/aishwarya rai/460.png
6,./aligned-images/aishwarya rai/75.png
6,./aligned-images/aishwarya rai/238.png
6,./aligned-images/aishwarya rai/396.png
7,./aligned-images/adrien brody/49.png
7,./aligned-images/adrien brody/51.png
7,./aligned-images/adrien brody/34.png
7,./aligned-images/adrien brody/40.png
7,./aligned-images/adrien brody/17.png
7,./aligned-images/adrien brody/73.png
7,./aligned-images/adrien brody/12.png
7,./aligned-images/adrien brody/14.png
7,./aligned-images/adrien brody/53.png
7,./aligned-images/adrien brody/6.png
7,./aligned-images/adrien brody/97.png
7,./aligned-images/adrien brody/35.png
7,./aligned-images/adrien brody/78.png
7,./aligned-images/adrien brody/43.png
7,./aligned-images/adrien brody/11.png
7,./aligned-images/adrien brody/60.png
7,./aligned-images/adrien brody/81.png
7,./aligned-images/adrien brody/47.png
7,./aligned-images/adrien brody/61.png
7,./aligned-images/adrien brody/95.png
7,./aligned-images/adrien brody/75.png
7,./aligned-images/adrien brody/7.png
7,./aligned-images/adrien brody/1.png
7,./aligned-images/adrien brody/8.png
7,./aligned-images/adrien brody/13.png
7,./aligned-images/adrien brody/52.png
7,./aligned-images/adrien brody/104.png
7,./aligned-images/adrien brody/54.png
7,./aligned-images/adrien brody/9.png
7,./aligned-images/adrien brody/102.png
7,./aligned-images/adrien brody/77.png
7,./aligned-images/adrien brody/58.png
7,./aligned-images/adrien brody/55.png
7,./aligned-images/adrien brody/33.png
7,./aligned-images/adrien brody/98.png
7,./aligned-images/adrien brody/38.png
7,./aligned-images/adrien brody/66.png
7,./aligned-images/adrien brody/25.png
7,./aligned-images/adrien brody/2.png
7,./aligned-images/adrien brody/85.png
7,./aligned-images/adrien brody/72.png
7,./aligned-images/adrien brody/30.png
7,./aligned-images/adrien brody/70.png
7,./aligned-images/adrien brody/101.png
7,./aligned-images/adrien brody/99.png
7,./aligned-images/adrien brody/37.png
7,./aligned-images/adrien brody/3.png
7,./aligned-images/adrien brody/32.png
7,./aligned-images/adrien brody/62.png
7,./aligned-images/adrien brody/90.png
7,./aligned-images/adrien brody/56.png
7,./aligned-images/adrien brody/65.png
7,./aligned-images/adrien brody/31.png
7,./aligned-images/adrien brody/96.png
7,./aligned-images/adrien brody/89.png
8,./aligned-images/michelle obama/22.png
8,./aligned-images/michelle obama/259.png
8,./aligned-images/michelle obama/138.png
8,./aligned-images/michelle obama/55.png
8,./aligned-images/michelle obama/316.png
8,./aligned-images/michelle obama/75.png
8,./aligned-images/michelle obama/292.png
8,./aligned-images/michelle obama/84.png
8,./aligned-images/michelle obama/38.png
8,./aligned-images/michelle obama/104.png
8,./aligned-images/michelle obama/105.png
8,./aligned-images/michelle obama/18.png
8,./aligned-images/michelle obama/237.png
8,./aligned-images/michelle obama/137.png
8,./aligned-images/michelle obama/308.png
8,./aligned-images/michelle obama/277.png
8,./aligned-images/michelle obama/319.png
8,./aligned-images/michelle obama/66.png
8,./aligned-images/michelle obama/24.png
8,./aligned-images/michelle obama/17.png
8,./aligned-images/michelle obama/287.png
8,./aligned-images/michelle obama/125.png
8,./aligned-images/michelle obama/216.png
8,./aligned-images/michelle obama/19.png
8,./aligned-images/michelle obama/89.png
8,./aligned-images/michelle obama/194.png
8,./aligned-images/michelle obama/196.png
8,./aligned-images/michelle obama/183.png
8,./aligned-images/michelle obama/264.png
8,./aligned-images/michelle obama/306.png
8,./aligned-images/michelle obama/149.png
8,./aligned-images/michelle obama/174.png
8,./aligned-images/michelle obama/6.png
8,./aligned-images/michelle obama/92.png
8,./aligned-images/michelle obama/3.png
8,./aligned-images/michelle obama/90.png
8,./aligned-images/michelle obama/111.png
8,./aligned-images/michelle obama/219.png
8,./aligned-images/michelle obama/246.png
8,./aligned-images/michelle obama/245.png
8,./aligned-images/michelle obama/256.png
8,./aligned-images/michelle obama/69.png
8,./aligned-images/michelle obama/161.png
8,./aligned-images/michelle obama/122.png
8,./aligned-images/michelle obama/52.png
8,./aligned-images/michelle obama/179.png
8,./aligned-images/michelle obama/230.png
8,./aligned-images/michelle obama/176.png
8,./aligned-images/michelle obama/207.png
8,./aligned-images/michelle obama/36.png
8,./aligned-images/michelle obama/240.png
8,./aligned-images/michelle obama/309.png
8,./aligned-images/michelle obama/215.png
8,./aligned-images/michelle obama/158.png
8,./aligned-images/michelle obama/70.png
8,./aligned-images/michelle obama/20.png
8,./aligned-images/michelle obama/150.png
8,./aligned-images/michelle obama/274.png
8,./aligned-images/michelle obama/299.png
8,./aligned-images/michelle obama/107.png
8,./aligned-images/michelle obama/217.png
8,./aligned-images/michelle obama/151.png
8,./aligned-images/michelle obama/301.png
8,./aligned-images/michelle obama/48.png
8,./aligned-images/michelle obama/214.png
8,./aligned-images/michelle obama/34.png
8,./aligned-images/michelle obama/155.png
8,./aligned-images/michelle obama/54.png
8,./aligned-images/michelle obama/302.png
8,./aligned-images/michelle obama/234.png
8,./aligned-images/michelle obama/281.png
8,./aligned-images/michelle obama/220.png
8,./aligned-images/michelle obama/129.png
8,./aligned-images/michelle obama/148.png
8,./aligned-images/michelle obama/253.png
8,./aligned-images/michelle obama/140.png
8,./aligned-images/michelle obama/169.png
8,./aligned-images/michelle obama/156.png
8,./aligned-images/michelle obama/87.png
8,./aligned-images/michelle obama/103.png
8,./aligned-images/michelle obama/51.png
8,./aligned-images/michelle obama/255.png
8,./aligned-images/michelle obama/249.png
8,./aligned-images/michelle obama/201.png
8,./aligned-images/michelle obama/15.png
8,./aligned-images/michelle obama/162.png
8,./aligned-images/michelle obama/12.png
8,./aligned-images/michelle obama/172.png
8,./aligned-images/michelle obama/177.png
9,./aligned-images/aaron carter/80.png
9,./aligned-images/aaron carter/61.png
9,./aligned-images/aaron carter/10.png
9,./aligned-images/aaron carter/35.png
9,./aligned-images/aaron carter/56.png
9,./aligned-images/aaron carter/47.png
9,./aligned-images/aaron carter/18.png
9,./aligned-images/aaron carter/22.png
9,./aligned-images/aaron carter/1.png
9,./aligned-images/aaron carter/54.png
9,./aligned-images/aaron carter/9.png
9,./aligned-images/aaron carter/7.png
9,./aligned-images/aaron carter/57.png
9,./aligned-images/aaron carter/75.png
9,./aligned-images/aaron carter/34.png
9,./aligned-images/aaron carter/49.png
9,./aligned-images/aaron carter/69.png
9,./aligned-images/aaron carter/81.png
9,./aligned-images/aaron carter/17.png
9,./aligned-images/aaron carter/72.png
9,./aligned-images/aaron carter/55.png
9,./aligned-images/aaron carter/52.png
9,./aligned-images/aaron carter/27.png
9,./aligned-images/aaron carter/41.png
9,./aligned-images/aaron carter/43.png
9,./aligned-images/aaron carter/12.png
9,./aligned-images/aaron carter/42.png
9,./aligned-images/aaron carter/13.png
9,./aligned-images/aaron carter/71.png
9,./aligned-images/aaron carter/73.png
9,./aligned-images/aaron carter/2.png
9,./aligned-images/aaron carter/45.png
9,./aligned-images/aaron carter/25.png
9,./aligned-images/aaron carter/23.png
9,./aligned-images/aaron carter/74.png
9,./aligned-images/aaron carter/62.png
9,./aligned-images/aaron carter/51.png
9,./aligned-images/aaron carter/63.png
9,./aligned-images/aaron carter/15.png
9,./aligned-images/aaron carter/0.png
9,./aligned-images/aaron carter/38.png
9,./aligned-images/aaron carter/46.png
10,./aligned-images/bill gates/65.png
10,./aligned-images/bill gates/93.png
10,./aligned-images/bill gates/303.png
10,./aligned-images/bill gates/456.png
10,./aligned-images/bill gates/61.png
10,./aligned-images/bill gates/224.png
10,./aligned-images/bill gates/634.png
10,./aligned-images/bill gates/221.png
10,./aligned-images/bill gates/426.png
10,./aligned-images/bill gates/425.png
10,./aligned-images/bill gates/448.png
10,./aligned-images/bill gates/186.png
10,./aligned-images/bill gates/73.png
10,./aligned-images/bill gates/347.png
10,./aligned-images/bill gates/624.png
10,./aligned-images/bill gates/685.png
10,./aligned-images/bill gates/620.png
10,./aligned-images/bill gates/94.png
10,./aligned-images/bill gates/638.png
10,./aligned-images/bill gates/305.png
10,./aligned-images/bill gates/88.png
10,./aligned-images/bill gates/200.png
10,./aligned-images/bill gates/80.png
10,./aligned-images/bill gates/512.png
10,./aligned-images/bill gates/336.png
10,./aligned-images/bill gates/498.png
10,./aligned-images/bill gates/616.png
10,./aligned-images/bill gates/380.png
10,./aligned-images/bill gates/344.png
10,./aligned-images/bill gates/383.png
10,./aligned-images/bill gates/621.png
10,./aligned-images/bill gates/647.png
10,./aligned-images/bill gates/136.png
10,./aligned-images/bill gates/138.png
10,./aligned-images/bill gates/256.png
10,./aligned-images/bill gates/653.png
10,./aligned-images/bill gates/463.png
10,./aligned-images/bill gates/533.png
10,./aligned-images/bill gates/378.png
10,./aligned-images/bill gates/505.png
10,./aligned-images/bill gates/534.png
10,./aligned-images/bill gates/365.png
10,./aligned-images/bill gates/38.png
10,./aligned-images/bill gates/54.png
10,./aligned-images/bill gates/374.png
10,./aligned-images/bill gates/48.png
10,./aligned-images/bill gates/116.png
10,./aligned-images/bill gates/460.png
10,./aligned-images/bill gates/509.png
10,./aligned-images/bill gates/5.png
10,./aligned-images/bill gates/12.png
10,./aligned-images/bill gates/193.png
10,./aligned-images/bill gates/229.png
10,./aligned-images/bill gates/308.png
10,./aligned-images/bill gates/352.png
10,./aligned-images/bill gates/219.png
10,./aligned-images/bill gates/407.png
10,./aligned-images/bill gates/375.png
10,./aligned-images/bill gates/494.png
10,./aligned-images/bill gates/140.png
10,./aligned-images/bill gates/371.png
10,./aligned-images/bill gates/350.png
10,./aligned-images/bill gates/50.png
10,./aligned-images/bill gates/131.png
10,./aligned-images/bill gates/111.png
10,./aligned-images/bill gates/396.png
10,./aligned-images/bill gates/508.png
10,./aligned-images/bill gates/537.png
10,./aligned-images/bill gates/3.png
10,./aligned-images/bill gates/603.png
10,./aligned-images/bill gates/501.png
10,./aligned-images/bill gates/470.png
10,./aligned-images/bill gates/551.png
10,./aligned-images/bill gates/326.png
10,./aligned-images/bill gates/320.png
10,./aligned-images/bill gates/235.png
10,./aligned-images/bill gates/72.png
10,./aligned-images/bill gates/410.png
10,./aligned-images/bill gates/690.png
10,./aligned-images/bill gates/306.png
10,./aligned-images/bill gates/64.png
10,./aligned-images/bill gates/492.png
10,./aligned-images/bill gates/348.png
10,./aligned-images/bill gates/423.png
10,./aligned-images/bill gates/170.png
10,./aligned-images/bill gates/124.png
10,./aligned-images/bill gates/433.png
10,./aligned-images/bill gates/536.png
10,./aligned-images/bill gates/192.png
10,./aligned-images/bill gates/184.png
10,./aligned-images/bill gates/56.png
10,./aligned-images/bill gates/97.png
10,./aligned-images/bill gates/525.png
10,./aligned-images/bill gates/151.png
10,./aligned-images/bill gates/409.png
10,./aligned-images/bill gates/179.png
10,./aligned-images/bill gates/531.png
10,./aligned-images/bill gates/488.png
10,./aligned-images/bill gates/166.png
10,./aligned-images/bill gates/637.png
10,./aligned-images/bill gates/18.png
10,./aligned-images/bill gates/436.png
10,./aligned-images/bill gates/341.png
10,./aligned-images/bill gates/108.png
10,./aligned-images/bill gates/345.png
10,./aligned-images/bill gates/377.png
10,./aligned-images/bill gates/203.png
10,./aligned-images/bill gates/491.png
10,./aligned-images/bill gates/181.png
10,./aligned-images/bill gates/47.png
10,./aligned-images/bill gates/280.png
10,./aligned-images/bill gates/142.png
10,./aligned-images/bill gates/382.png
10,./aligned-images/bill gates/388.png
10,./aligned-images/bill gates/133.png
10,./aligned-images/bill gates/451.png
10,./aligned-images/bill gates/490.png
10,./aligned-images/bill gates/34.png
10,./aligned-images/bill gates/526.png
10,./aligned-images/bill gates/657.png
10,./aligned-images/bill gates/403.png
10,./aligned-images/bill gates/483.png
10,./aligned-images/bill gates/314.png
10,./aligned-images/bill gates/486.png
10,./aligned-images/bill gates/76.png
10,./aligned-images/bill gates/404.png
10,./aligned-images/bill gates/565.png
10,./aligned-images/bill gates/324.png
10,./aligned-images/bill gates/335.png
10,./aligned-images/bill gates/354.png
10,./aligned-images/bill gates/477.png
10,./aligned-images/bill gates/660.png
10,./aligned-images/bill gates/518.png
10,./aligned-images/bill gates/550.png
10,./aligned-images/bill gates/212.png
10,./aligned-images/bill gates/90.png
10,./aligned-images/bill gates/684.png
10,./aligned-images/bill gates/245.png
10,./aligned-images/bill gates/277.png
10,./aligned-images/bill gates/530.png
10,./aligned-images/bill gates/333.png
10,./aligned-images/bill gates/313.png
10,./aligned-images/bill gates/680.png
10,./aligned-images/bill gates/329.png
10,./aligned-images/bill gates/273.png
10,./aligned-images/bill gates/293.png
10,./aligned-images/bill gates/159.png
10,./aligned-images/bill gates/545.png
10,./aligned-images/bill gates/384.png
10,./aligned-images/bill gates/1.png
10,./aligned-images/bill gates/20.png
10,./aligned-images/bill gates/496.png
10,./aligned-images/bill gates/351.png
10,./aligned-images/bill gates/89.png
10,./aligned-images/bill gates/311.png
10,./aligned-images/bill gates/46.png
10,./aligned-images/bill gates/349.png
10,./aligned-images/bill gates/261.png
10,./aligned-images/bill gates/17.png
10,./aligned-images/bill gates/312.png
10,./aligned-images/bill gates/187.png
10,./aligned-images/bill gates/96.png
10,./aligned-images/bill gates/325.png
10,./aligned-images/bill gates/476.png
10,./aligned-images/bill gates/134.png
10,./aligned-images/bill gates/434.png
10,./aligned-images/bill gates/532.png
10,./aligned-images/bill gates/458.png
10,./aligned-images/bill gates/493.png
10,./aligned-images/bill gates/238.png
10,./aligned-images/bill gates/439.png
10,./aligned-images/bill gates/547.png
10,./aligned-images/bill gates/176.png
10,./aligned-images/bill gates/201.png
10,./aligned-images/bill gates/153.png
10,./aligned-images/bill gates/356.png
10,./aligned-images/bill gates/321.png
10,./aligned-images/bill gates/2.png
10,./aligned-images/bill gates/455.png
10,./aligned-images/bill gates/32.png
10,./aligned-images/bill gates/286.png
10,./aligned-images/bill gates/36.png
10,./aligned-images/bill gates/431.png
10,./aligned-images/bill gates/63.png
10,./aligned-images/bill gates/322.png
10,./aligned-images/bill gates/328.png
10,./aligned-images/bill gates/157.png
10,./aligned-images/bill gates/368.png
10,./aligned-images/bill gates/68.png
10,./aligned-images/bill gates/282.png
10,./aligned-images/bill gates/394.png
10,./aligned-images/bill gates/319.png
10,./aligned-images/bill gates/58.png
10,./aligned-images/bill gates/587.png
10,./aligned-images/bill gates/78.png
10,./aligned-images/bill gates/450.png
10,./aligned-images/bill gates/240.png
10,./aligned-images/bill gates/670.png
10,./aligned-images/bill gates/167.png
10,./aligned-images/bill gates/194.png
10,./aligned-images/bill gates/298.png
10,./aligned-images/bill gates/275.png
10,./aligned-images/bill gates/522.png
10,./aligned-images/bill gates/517.png
10,./aligned-images/bill gates/609.png
10,./aligned-images/bill gates/250.png
10,./aligned-images/bill gates/196.png
10,./aligned-images/bill gates/548.png
10,./aligned-images/bill gates/385.png
10,./aligned-images/bill gates/590.png
10,./aligned-images/bill gates/332.png
10,./aligned-images/bill gates/169.png
10,./aligned-images/bill gates/443.png
10,./aligned-images/bill gates/148.png
10,./aligned-images/bill gates/62.png
10,./aligned-images/bill gates/8.png
10,./aligned-images/bill gates/52.png
10,./aligned-images/bill gates/687.png
10,./aligned-images/bill gates/535.png
10,./aligned-images/bill gates/105.png
10,./aligned-images/bill gates/497.png
10,./aligned-images/bill gates/295.png
10,./aligned-images/bill gates/251.png
10,./aligned-images/bill gates/82.png
10,./aligned-images/bill gates/284.png
